Participant_ID,Age,Gender,City
P001,33,Female,Mumbai
P002,28,Female,Navi Mumbai
P003,35,Female,Navi Mumbai
P004,43,Female,Navi Mumbai
P005,27,Male,Panvel
P006,27,Female,Mumbai
P007,43,Female,Panvel
P008,36,Male,Panvel
P009,25,Female,Navi Mumbai
P010,34,Male,Panvel
P011,25,Male,Thane
P012,25,Female,Thane
P013,31,Female,Thane
P014,18,Female,Panvel
P015,18,Female,Panvel
P016,24,Female,Thane
P017,20,Male,Navi Mumbai
P018,32,Female,Thane
P019,21,Female,Thane
P020,18,Female,Thane
P021,42,Male,Panvel
P022,27,Female,Panvel
P023,30,Female,Thane
P024,18,Female,Panvel
P025,24,Male,Panvel
P026,30,Female,Navi Mumbai
P027,19,Male,Thane
P028,32,Male,Mumbai
P029,24,Female,Navi Mumbai
P030,26,Male,Panvel
P031,24,Female,Navi Mumbai
P032,46,Male,Thane
P033,29,Male,Panvel
P034,19,Male,Navi Mumbai
P035,36,Female,Thane
P036,18,Male,Mumbai
P037,31,Female,Mumbai
P038,18,Female,Mumbai
P039,18,Female,Panvel
P040,31,Male,Panvel
P041,36,Male,Mumbai
P042,31,Female,Mumbai
P043,28,Female,Thane
P044,26,Female,Thane
P045,18,Male,Navi Mumbai
P046,23,Female,Navi Mumbai
P047,25,Male,Mumbai
P048,39,Female,Navi Mumbai
P049,32,Male,Mumbai
P050,18,Female,Mumbai
P051,32,Female,Thane
P052,26,Female,Panvel
P053,23,Male,Panvel
P054,35,Male,Panvel
P055,38,Female,Navi Mumbai
P056,37,Male,Panvel
P057,21,Male,Navi Mumbai
P058,26,Male,Navi Mumbai
P059,32,Male,Panvel
P060,38,Female,Navi Mumbai
P061,25,Female,Panvel
P062,27,Male,Panvel
P063,19,Male,Mumbai
P064,18,Male,Panvel
P065,36,Female,Panvel
P066,41,Female,Navi Mumbai
P067,28,Male,Mumbai
P068,38,Male,Panvel
P069,32,Male,Navi Mumbai
P070,23,Male,Panvel
P071,32,Male,Panvel
P072,43,Female,Navi Mumbai
P073,29,Female,Navi Mumbai
P074,43,Male,Navi Mumbai
P075,18,Male,Mumbai
P076,36,Female,Thane
P077,30,Female,Navi Mumbai
P078,26,Male,Panvel
P079,30,Female,Mumbai
P080,18,Female,Panvel
P081,27,Male,Navi Mumbai
P082,32,Male,Panvel
P083,42,Male,Panvel
P084,24,Female,Thane
P085,22,Male,Mumbai
P086,24,Female,Mumbai
P087,37,Female,Navi Mumbai
P088,32,Male,Panvel
P089,24,Male,Panvel
P090,34,Male,Panvel
P091,30,Male,Navi Mumbai
P092,38,Male,Mumbai
P093,23,Female,Mumbai
P094,26,Female,Panvel
P095,25,Female,Thane
P096,18,Female,Mumbai
P097,32,Male,Navi Mumbai
P098,31,Female,Navi Mumbai
P099,29,Male,Navi Mumbai
P100,27,Male,Panvel
